real_handle,fake_handle
03welle,CrimsonEcho551
187ACAB,ObsidianByte732
1dboladay,BlazeEcho210
3-Leg-Racer,ZeroBroker257
A1CRACK,StormByte196
Adderall,CobaltDragon113
AddiesAndXans,ViperSerpent401
Addyshack,FrostPhoenix983
AlbertHeijn,HexEcho727
AlbertHoffman1943,NightPhoenix140
Alexandrus,HexVenom420
AliceInHolland,CobaltLotus550
Amstergram,JadeBroker738
Angelina,FrostCrypt782
Arbeitsamt,NeonFlux778
Arnachy,VoidWolf623
AstroHaven,GhostDrift544
Atmel,ScarletRaven837
AusMate,CyberNexus64
AusXTC,BlazeHawk545
AussieAussieAussie,ViperHunter817
AussieExpress,ViperHunter0
AussiesFinest,IronVenom91
BECKER,CrimsonSerpent753
BHOSale,StormHawk658
BMW750LI,OnyxReaper756
BULLSEYE,StormSerpent488
Battista,NoirBroker878
BeHappy,PhantomTrader458
Bernadotte,OnyxShade485
BioCanna,BlazeBlade57
Bisto,AshenBroker767
BlueViking,RogueBroker755
BudBoss,EmberPhoenix832
BudCentral,StormHelix388
BudIndustries,LunarCore246
BudsNRoses,RogueRaven824
Bungee54,RogueTiger486
C0lonelSanders,NoirPulse825
CEuphoria,CobaltHawk929
CZmadeMan,AshenSerpent63
CaliforniaGreenCross,BlazeHelix2
CalisFinest,CyberHunter436
CanadianSupply,ScarletHelix854
CandyShop,NoirCipher337
CannaXpress000,OnyxFang66
Caslava,ScarletLotus691
ChinaChem,ZeroRonin177
ClarKent,NoirSerpent671
Coca-Droga,NoirFlux360
CocaParis,ViperWolf306
CocainsPlace,ChaosPhoenix391
CokeClassic,ChaosFox916
CrazedChemist,IronCore468
Crazy-Eights,GrimPulse554
CrystalBuddha,StormHunter65
CuervoJones,HexByte257
Czechlab,SilentSerpent148
DaHBome,OnyxSpecter246
DeemzBeemz,IronWraith993
DeepMeds,ChaosTiger459
Dekay,GhostRonin508
Deliverator,SilentRonin263
Derek4Real,OnyxBlade488
Diamonddweller,NightSerpent979
Dimercurio,CyberPulse70
Discover,LunarTiger832
DoctorFreedom,PhantomCipher446
DoctorZoidberg,StormVenom616
Doritos_Doritos,OnyxShade527
Dr-Lude,LunarTiger9
DrWhite,BlazeRonin836
Dracaufeu,HexFlux621
DreamWeaver,AzureCore823
Dreamtime,CobaltHelix658
Drugs4you,ChaosCrypt92
Dunderhonung,BlazeEcho240
DutchConnection,PhantomWraith689
DutchDeal,FrostHelix527
DutchDrugz,IronCrypt324
DutchMagic,EmberBlade284
DutchSpace,ShadowDragon899
DutchSupply,HexFlux902
DutchTouch,ShadowHelix46
ElDorado,CobaltFang178
EmeraldTriangle,FrostHelix806
Endz,AzurePhoenix927
Erkran,ToxicHunter316
EuroRX,LunarFang656
FatSam,CyberFox835
FatherTed,BlazeSpecter387
FeelGood,GhostNexus204
Fire_Fire,LunarPhoenix706
FlyingDutchmen,OnyxTiger496
FlyingKangaroo,LunarVenom787
Foreigner,OnyxVenom697
ForeverStrung,NightCipher597
FortitudeExpress,CrimsonBlade660
FractalDrift,GrimEcho673
GentsChoice,EmberFlux474
GermanOpioids,ZeroArc63
GermanShop,CyberHawk174
GoldenEagle420,JadeFang257
GoombaShop,VoidPulse119
GrandWizardsLair,OnyxCipher47
GreenJack,AzureWolf726
Hackyboy,CrimsonNexus900
HarryTuttle,EmberLotus2
HashishUK,DarkDragon237
HederalExpress,CyberCrypt576
Heisenberg-meds,PyroCrypt662
HerbanLegends,ViperPulse415
HighENDD,ObsidianDragon154
Holland-Kitchen,AshenWolf943
HollandDutch,ToxicPulse180
HollandOnline,PhantomByte218
HonestCocaine,VoidFox374
Houba,ShadowSerpent65
HumboldtFarms,NeonOrbit351
HumboldtsFinest,GrimRaven763
IdealPills,AzureFox233
ImportDirect,JadeWraith867
InfinityBeyond,CyberShade632
InsideTheWhale,CyberCipher113
IsolatedWarrior,NightBlade403
JuzJenny,JadeFang475
KINGCACTUS,ViperByte514
KeithLemon,LunarCore839
KittenHuffer,ViperBroker286
Klaymen,GrimHawk797
KushDepot,BlazeCore564
LDN-UNDERGROUND,JadeCrypt914
LegalEyez,CobaltLotus251
LeifGW,VoidTiger156
LoveIsTheKey,CobaltTiger502
Lucid_Gentleman,HexFox933
LucyUK,EmberWolf103
LucyandMolly,LunarReaper122
MEGA_PHARMA,ZeroFlux354
MachineElves,IronBroker430
MagicTed,VoidLotus493
MarcelKetman,CobaltArc198
Marleys,AzureSpecter127
MarleysMainMan,DarkRaven352
McDrugs,CrimsonPhoenix49
MeGrimlock,PyroReaper587
Meatball,ChaosDragon263
MedIndia,NoirHunter344
MedizinMann,ObsidianFang185
Meds2Buy,VoidWraith381
Mephman,EmberArc597
MerckKGaA,VoidFlux68
MiniDeal,ToxicDrift227
MissJessica,VoidTrader457
MjJo,VoidPulse362
ModernLove,StormBroker32
MollyLovesLucy,CrimsonNexus417
MoodyMayhem,LunarOrbit773
Morfar1864,GhostReaper149
Mr2011,CrimsonCore49
MrAsia,JadeWolf319
MrHolland,NeonFox772
MrKidX,LunarPulse331
MrMaserati,ShadowWraith41
MrN1ce,CrimsonSpecter628
MrPEF,IronRonin642
MrQuality,AshenOrbit501
MrSaturn,VoidSpecter688
MsStoner,ChaosFang423
Musafa,AzurePulse150
MyPharmacy,SilentCrypt86
NeoNino,ShadowSpecter927
Neroburnscities,AshenWraith635
NextDayValium,HexSerpent213
NextGeneration,NightRonin117
Nidge,NightPulse206
NoGovernment,EmberTrader869
NoStress,ToxicDrift946
NowOrNever2015,PyroLotus512
OZDrugs,ScarletPhoenix256
OrangeInc,ViperFox86
OrganicBudz,ZeroHelix92
Otaku,FrostHunter935
Overdos3d,ChaosPulse94
OxyMonster,CrimsonWraith895
OzAlpha,PyroOrbit682
PROAMFETAMINE,ScarletOrbit559
PartyDrugz4You,DarkFox0
PaulSimon,VoidVenom862
Peaceful,ViperCrypt353
PharmaPhil,ScarletCipher732
Pharmacare,RoguePulse931
PillCompany,ViperHawk34
PillfirePharmacy,GrimHunter764
PillsAndDrugs,StormPhoenix525
PlatinumStandard,ChaosReaper28
Plunderdownunder,IronShade49
PremiumProdukte,VoidCrypt593
PsiloManufacture,AshenBroker269
PureDrugs,ZeroBlade200
PureHeaven,EmberSerpent639
Purista,SilentHunter937
PurityStandard,OnyxRonin410
QP-Master,CobaltNexus372
Quade,LunarEcho166
QualityRx,GhostHawk57
QuickLick,NoirByte89
QuikConnect,HexDragon25
ReDEyE,NightBlade906
ReL0AD,NoirRaven9
RealDope,ViperEcho18
Rebel Alliance,CobaltCore853
RedNight,PyroLotus48
RefreshYourself,PyroTiger706
RichPorter,ObsidianCore972
Righteous,StormCipher359
RosesGarden,HexTiger69
SILENTSUPPLY,BlazeDragon234
SWEPOST,PhantomOrbit312
Sargon,SilentShade893
Satire,SilentPhoenix782
SheepyUK,VoidNexus179
ShopAgent,VoidByte22
ShroomStore,HexEcho250
ShroompaLoompa,IronArc447
Shulginist,HexLotus878
SleekTheElite,LunarCore420
SouthPole,BlazeHawk452
SouthsideCartel,VoidOrbit453
Spinifex,NightReaper505
StealthPharmacy,IronNexus194
Steroid-Depot,ToxicDrift26
Straightbiz,ViperByte791
Stratton,ViperDragon166
StudyDrugsUK,ObsidianHelix321
Sun-tzu,BlazeTiger22
Sunshining,CrimsonHelix593
SuperSpeedBros,StormBroker82
SuperStealthSam,EmberRaven158
Superdrugs,ChaosEcho263
SwissShop,HexCrypt75
THCXpert,OnyxEcho825
TOYOTATEAM,DarkFox819
TS420,OnyxDragon165
TheBlacklist,CyberHawk210
TheBlotterShop,GhostWraith8
TheBudReaper,VoidBlade405
TheHeissenberg,PyroRonin995
TheImportStore,ViperDragon801
TheKushLife,NoirNexus41
TheLittleGuys,RogueWraith399
ThePartyDepot,BlazeFang833
ThePinkPanther,BlazeBlade597
ThePowderGuy,FrostLotus208
TheProfessionals,NeonFox807
TheResistance,ObsidianDragon937
TheUsualSuspect,RogueByte411
TheWhiteShadow,PhantomBroker259
TheWolfOfDarknet,CyberHunter68
The_Drug_Store,HexHunter616
The_L,OnyxVenom11
ThreeKings,HexHawk6
Top_Gear_UK,FrostCrypt402
Tr4derJo3,GhostRonin190
TragicallyHip,SilentBroker833
TrapHouse,AzureWraith230
TravoltasCrew,LunarLotus837
TrevorPhilipsEnterprises,BlazeArc42
TripWithScience,ZeroShade147
TrippyKitty,ChaosReaper413
TustHak78,LunarPulse545
UK2UK,IronFox570
UKNextDay,BlazeShade26
UKWHITE,PyroCipher884
USdank,EmberCore946
UnclePsychedelic,RogueDragon842
UnknownSeller,EmberArc94
Utopia,ObsidianLotus921
VGer,OnyxTiger935
VerdeLimon,ToxicHunter828
VoucherExpress,EmberShade728
WALLSTREETx2,ViperWraith818
Waitrose,HexSpecter204
WeRoll,JadeCipher955
Weed4Bits,NoirPulse170
WeedSamaritan,GhostSerpent518
William_Shatner,NeonCrypt867
XTandMD,FrostOrbit803
Xtremenutrition,SilentFang247
YinYangWeed,HexRonin687
Zable,HexArc505
ZetaOC,NeonFlux435
accept,VoidHawk1
aidoneus,GrimWraith954
ajaxfc,GhostPulse95
alchemycd,CyberCipher18
apuaustralia,ObsidianByte35
ashylarry,EmberArc595
astronomicat,ShadowPulse62
aussieprime,GrimTrader608
b1g1mpact,RogueFox54
bambyla888,ScarletSerpent839
bas30,ChaosDragon559
batcountry,RogueWraith96
bcdirect,VoidOrbit91
bestaussiegear,BlazeFang143
bestdeal,AshenWolf832
bigfootbuds,NoirLotus822
birdseye,VoidDragon24
bisto,ToxicDrift18
blackbazar,LunarReaper457
blackhand,CrimsonCore512
bodyinaction,SilentSpecter948
boomers,PyroCipher747
budman,ObsidianSerpent604
bumble701,ObsidianVenom139
c63amg,StormBroker206
canadaflag,JadePulse828
canadasunshine,LunarReaper588
canadianforger,CobaltArc527
cannabis-king,OnyxCrypt682
carteldelnorte,PhantomHunter305
cd8n,IronCipher196
cerberus,ViperByte871
checkpoint,JadeFlux114
chemicalbrothers,SilentByte308
chemicals_spain,ShadowFox199
chomper,GrimVenom959
coasttocoast,VoidRaven583
cocaleiro,BlazeShade981
cocktails,DarkEcho107
colocures,CobaltSerpent639
coloradocannabis,PyroArc821
cornettos,GrimPulse556
craigman,GhostArc594
cyanspore,ZeroTrader985
dankmedgradekush101,FrostTiger519
dgslabz,IronShade413
digitalpunk,ToxicWolf567
dirtyking,ObsidianByte129
dmtnexus,StormFox188
domesticMOLLY,OnyxPhoenix568
domesticdoode,CyberHunter255
dragoncove,StormHunter76
drzheng,ChaosHawk54
dubntuff,EmberSerpent325
echo,NightTiger936
elPacko,BlazeFox237
elchako0705,BlazeArc385
embus,PhantomFlux132
emeraldgemini,LunarReaper405
enki,CyberRaven671
etimbuk,AshenArc682
europedrugs,PhantomShade549
everythingman,NeonSerpent565
fake,JadeRaven594
fastandsafe1234,GrimOrbit250
fattuesday_13,ChaosEcho168
flyingdutchmann,LunarCipher264
footstool,EmberSpecter534
fredthebaker,VoidCore592
frosties2014,AzureTiger152
g1s3x1r0,ChaosHelix988
gammagoblin,OnyxSerpent655
gandalfsgear,ShadowOrbit979
genericvendor,GhostRaven31
geoffreygiraffe,ZeroWolf794
gonz324,ToxicHunter45
goodfornothing,IronPhoenix373
goodguydealer,ViperVenom121
gotmilk,AzureShade176
hackthegibson,CyberFang606
happyclouds,FrostLotus101
herostats,PyroBlade795
idealpills,ScarletPhoenix327
indiabenzos,ShadowRaven141
indianpilldaddy,DarkNexus14
jackiestovalls,CyberDragon803
jacobslvr,LunarWraith490
jerseycow,CobaltRaven898
joeybagadonuts,GrimBroker639
kagar_,ShadowBlade465
karmasyndicate,DarkDragon455
kemykems,ChaosArc43
killindagame66,VoidShade337
kingstef007,VoidPhoenix957
klosterbier,CobaltByte543
knappen,LunarRonin746
kobrivoje,GrimCrypt119
koptevo,VoidEcho568
kraeutergarten,DarkWolf208
kriminale,GrimLotus831
kwikeemart,AzureHawk831
laWnmoWermAn,EmberPulse540
labelverte,ScarletPulse918
labsdirect,ToxicReaper72
lamachine,ToxicFox514
legalrx,LunarBroker950
levelhead,ViperCipher39
lgcutivo,JadeHunter719
lindalovelace,SilentHawk975
listonishere,EmberWolf789
littlegoblin,CobaltReaper539
llyodbros,IronOrbit647
lostheaven,EmberByte95
magisktmolekyl,LunarDrift729
maligan,ShadowFlux633
malvax,CrimsonLotus25
mania,JadeRaven19
matze,GrimHawk108
maxhavelaar,NoirFang273
maxout,FrostSpecter272
mcoin13,OnyxNexus357
mdmaEU,SilentSpecter695
medicalmj,StormPulse885
medsforyou,JadeBroker425
mendosa,ViperDragon652
morphinista_uk,GhostTiger335
mrfields,HexRaven413
mrniceguy2all,LunarEcho945
multiexciter,JadeTrader899
namedeclined,CyberFang910
ogbryan,GhostCrypt680
omooq,EmberEcho917
optiman,RogueOrbit321
ozAgrade,FrostSpecter239
ozchronic,JadeDragon858
ozexpress,ViperShade439
p3nd8s,DarkTrader618
pablo-ijscobar,ZeroDragon146
pastperfect,SilentPulse735
pdxblack,ObsidianBroker945
pflegerin,GhostNexus857
pimpit,BlazeShade722
plumsauce,NoirTiger402
polira,AzurePhoenix612
profesorhouse,ShadowCipher801
projeccao,HexBlade559
psychotropix,ChaosSpecter634
puffinbilly,CrimsonArc538
pureforsure,NoirShade84
rage66666,ChaosBroker999
rainbowbear,HexRaven382
rapidisimo,IronTrader258
rc4me,AshenOrbit874
rocky-shardy,PyroHawk990
rxman,NoirDrift870
sambalam8,AzureCrypt200
savagehenry,AshenTiger778
schizofreen,AshenPhoenix19
shades_on,PyroFang597
sier,ShadowHelix557
silverapples,ObsidianFox110
skatingpot,StormByte68
skylerpinkman,JadeDragon796
smart666tiger,PyroDrift820
snapback,VoidCore489
sniffpodSR,AzureShade949
snowcap,StormPhoenix922
sodawater,FrostWolf433
soulrebel,VoidOrbit15
speedNweed,GrimDragon24
starbuy,ShadowOrbit382
starlight,EmberDragon817
stefandl,ToxicShade392
stoeprand,NightSerpent23
stojkovic,ObsidianSpecter523
stonednsmilin2,VoidHunter424
subs4daze,NoirHelix332
sugarwand,IronPhoenix933
superstrains,GhostRaven634
sweettganjababe,NeonShade225
sweshroom,AshenVenom826
syntheticsolutions,ViperLotus705
t3h_fonz,EmberBlade543
tantrikom,JadeCipher240
tapatio,HexHunter152
technohippy,StormPulse199
terabithia,LunarLotus774
theRoadLessToxic,PhantomPulse130
theanchor,PhantomDrift7
theben,IronRaven443
theblossom,NeonHawk626
thecheekygirls,AshenTrader207
themariobrothers,PhantomOrbit574
thetoyouteam,PhantomByte568
thomascheer,HexReaper596
threewisemen,CobaltPulse584
tomchong,AshenHawk147
tomorrowman,ShadowWraith729
u00002,DarkOrbit812
ukcheesey,DarkTrader795
value.lucid,AzureEcho698
vapor_pens,SilentEcho961
vendorz,VoidDragon9
vicious86,HexEcho784
xRedBullx,OnyxOrbit179
xinhai,IronCore96
zeltasgarden,PyroLotus639
zunidog,CyberRonin41
